﻿<?xml version="1.0" encoding="utf-8"?>
<presentation  xmlns:xsi="http://www.w3.org/2001/XMLSchema-instance"
    xsi:noNamespaceSchemaLocation="prezschema.xsd">
  <title>
  Go
  </title>
  <subtitle>
    Stolová hra pre všetkých
  </subtitle>
  <author>
    <name>Samuel</name>
    <surname>Púčať</surname>
  </author>
  <date>
    2017-10-05
  </date>
  <bibliography>
    <bib>
      http://www.kiseido.com/ff.htm
    </bib>
    <bib>
      https://sk.wikipedia.org/wiki/Go
    </bib>
  </bibliography>
  <slides>
    <slide>
      <title>
        Čo je Go?
      </title>
      <part>
        <picture src="images/Go_board.jpg" caption="Hracia doska hry Go"/>
      </part>
      <part>
        <list>
          <item>strategická hra</item>
		  <item>stratégia hry je extrémne náročná</item>
          <item>pochádza z Číny</item>
		  <item>vznik sa datuje na druhé tisícročie pr. n. l.</item>
          <item>rozširuje sa do celého sveta</item>
        </list>
      </part>
    </slide>
    <slide>
      <title>
		Pravidlá
	  </title>
      <part>
        <enum>
          <item>hracia doska má 19x19 priesečníkov</item>
          <item>hrajú dvaja hráči: čierny a biely, začína čierny</item>
		  <item>striedavo ukladajú kamene na hraciu dosku</item>
          <item>s položenými kameňmi sa už nehýbe</item>
		  <item>cieľom hry je ohraničiť územie, hodnotí sa počtom priesečníkov územia</item>
		  <item>víťazom je hráč s väčším počtom bodov</item>
        </enum>
      </part>
    </slide>
    <slide>
      <title>
		Triedy
	  </title>
	  <part>
		<text>
			Na turnajoch sú hráčom vypočítané podľa výsledkov triedy.
			Triedy vyjadrujú zdatnosť v hraní.
			Triedy nie sú celosveto rovnocenné.
			Ak je v Európe hráč s danou triedou, inde vo svete hráč tej istej triedy môže byť silnejší.
		</text>
	  </part>
      <part>
        <list>
			<item>trieda kjú - najslabšia z tried</item>
			<item>trieda dan - majstrovská trieda</item>
		</list>
      </part>
    </slide>
    <slide>
      <title>
		Turnaje
	  </title>
      <part>
        <picture src="images/turnaj_go.jpg" caption="Turnaj go"/>
      </part>
      <part>
        <list>
			<item>Turnaje sú prístupné každému.</item>
			<item>Nováčikovia sú zaradení do triedy 20. kjú.</item>
			<item>Bežný turnaj sa koná na 5 alebo 6 partií.</item>
			<item>Turnaje sú organizované systémom McMahon: protihráči sú priradení podľa tried, po výhre sa hrá s hráčom vyššej triedy, po prehre sa hrá s hráčom nižšej triedy.</item>
        </list>
      </part>
    </slide>
    <slide>
      <title>
		Človek vs. počítač
	  </title>
      <part>
        <list>
			<item>
				Narozdiel od šachu, ani najvýkonnejšie programy do nedávna nedosahovali lepšie výsledky ako priemerní hráči
			</item>
			<item>
				2012 - Program MoGo Titan porazil hráčov tried 9. dan a 1. dan s handicapom 7 kameňov
			</item>
			<item>
				2016 - Počítač AlphaGo porazil Lee Sedol-a (druhého najlepšieho hráča na svete)
			</item>
		</list>
      </part>
      <part>
        <picture src="images/alphago-vs-lee-sedol.jpg" caption="AlphaGo vs. Lee Sedol"/>
      </part>
    </slide>
  </slides>
</presentation>