[
  {
    "contact": "meno",
    "alter": "Samuel Pucat",
    "domain": ""
  },
  {
    "contact": "skola",
    "alter": "STU FIIT",
    "domain": "http://www.fiit.stuba.sk/"
  },
  {
    "contact": "mobil",
    "alter": "+421 915 221 359",
    "domain": ""
  },
  {
    "contact": "GitHub",
    "alter": "@samuelpucat",
    "domain": ""
  },
  {
    "contact": "e-mail",
    "alter": "samuel.pucat@gmail.com",
    "domain": ""
  },
  {
    "contact": "facebook",
    "alter": "Samuel Pucat",
    "domain": "https://www.facebook.com/samuel.pucat1"
  }
]