<?xml version="1.0" encoding="UTF-8"?>
<!-- $Id: sablona-bp.xml,v 1.3 2006/04/22 09:47:36 jkj Exp $ -->
<!DOCTYPE book PUBLIC "-//OASIS//DTD DocBook XML V4.3//EN"
"http://www.oasis-open.org/docbook/xml/4.3/docbookx.dtd">
<book lang="sk">
  <bookinfo>
    <title>Brankár pre simulovaný robotický futbal</title>

    <author>
      <firstname>Samuel</firstname>

      <surname>Púčať</surname>

      <affiliation>
        <orgname>Slovenská technická univerzita v Bratislave</orgname>

        <orgdiv role="fakulta">Fakulta informatiky a informačných technológií</orgdiv>
		
		<orgdiv role="evid">FIIT-5212-74193</orgdiv>
      </affiliation>
    </author>
	
	<subtitle>Bakalárska práca</subtitle>

    <othername role="vedouci">Ing. Ivan Kapustík</othername>

    <pubdate>December 2016</pubdate>

    <abstract>
      <title>Anotácia</title>

	  <simpara>
			Slovenská technická univerzita v Bratislave <sbr/>
			FAKULTA INFORMATIKY A INFORMAČNÝCH TECHNOLÓGIÍ
		</simpara>
		
		<gap/>
		
		<simpara>
			Študijný program:	Informatika <sbr/>
			Autor: 				Samuel Púčať <sbr/> 
			Bakalárska práca: 	Brankár pre simulovaný robotický futbal <sbr/>
			Vedúci práce: 		Ing. Ivan Kapustík <sbr/>
			December, 2016
		</simpara>
		<gap/>
      <para>
	  V bakalárskej práci sa venujem trénovaniu agenta – brankára pre simulovaný robotický futbal. 
	  V práci sa najskôr venujem analýze simulátora a robota pre simulovaný robotický futbal. 
	  Analyzujem správanie fakultného brankára a jeho schopnosti porovnávam s brankármi zahraničných tímov. 
	  Analyzujem rôzne spôsoby trénovania robotického brankára použité zahraničnými tímami, ich výhody a nevýhody. 
	  Okrem trénovania pohybov som analyzoval aj spôsoby sledovania a predvídania trajektórií lopty. 
	  Cieľom práce je zvýšiť úspešnosť brankárových zákrokov zrýchlením vykonávania jeho schopností.
	  </para>
	  
    </abstract>

    <abstract lang="en">
      <title>Annotation</title>

	  <simpara>
			Slovak University of Technology Bratislava <sbr/>
			FACULTY OF INFORMATICS AND INFORMATION TECHNOLOGIES
		</simpara>
		
		<gap/>
		
		<simpara>
			Degree course: 		Informatics <sbr/> 
			Author: 			Samuel Púčať <sbr/> 
			Bachelor thesis: 	Goalkeeper for simulation robot soccer <sbr/> 
			Supervisor: 		Ing. Ivan Kapustík <sbr/> 
			2016, December
		</simpara>
		<gap/>
		
      <para>
	  In Bachelor Thesis, I deal with training an agent - goalkeeper for simulated robot soccer. 
	  In this work, I firstly focus on the analyzis of a robot and a simulator for simulated robot soccer. 
	  I analyze the behavior of a faculty goalkeeper and his abilities, and compare it with foreign teams’ goalkeepers. 
	  I analyze different methods for training a robot goalkeeper used by foreign teams and their advantages and disadvantages. 
	  In addition to training moves, I analyzed the methods to watch and predict trajectories of the ball. 
	  The aim of this work is to increase the percentage goalkeeper's success rate by speeding up the execution of its skills.
	  </para>
    </abstract>

    <abstract>
      <title>Poďakovanie</title>

      <para>
	  V tejto časti by som sa chcel poďakovať vedúcemu bakalárskej práce Ing. Ivanovi Kapustíkovi, 
	  za odbornú pomoc, praktické rady a konzultácie, taktiež by som sa chcel poďakovať 
	  Ing. Mariánovi Lekavému, PhD. a Mgr. Alene Martonovej, PhD. za cenné rady počas neprítomnosti vedúceho bakalárskej práce.
	  </para>
		
    </abstract>

    <abstract>
      <title>Čestné prehlásenie</title>

      <para>
	  Čestne prehlasujem, že som bakalársku prácu vypracoval samostatne, 
	  pod odborným dohľadom vedúceho bakalárskej práce, Ing. Ivana Kapustíka, 
	  spolu s využitím poznatkov uvedenej literatúry.
	  </para>

      <?vskip 70pt?>

      <para>V Bratislave dňa 13. decembra 2016</para>

      <?vskip 30pt?>

      <para><?hskip 300pt?>Samuel Púčať</para>
    </abstract>
  </bookinfo>

  <chapter>
    <title>Úvod</title>

    <para>
	Môžu stroje myslieť ako ľudia? Touto otázkou sa od vzniku prvých počítačov zaoberalo mnoho vedcov, programátorov, 
	ale aj spisovateľov ako napríklad Karel Čapek v knihe R.U.R., kde bolo prvý krát použité slovo robot. 
	A môžu stroje konať ako ľudia? Tým sa zaoberal Alan Turing, podľa ktorého je nazvaný test overujúci, či systém koná ako človek: 
	ak jeho konanie vyšetrovateľ nevie rozoznať od ľudského
	<xref linkend="brady2012robotics" />
	. Za účelom skúmania odpovedí na tieto otázky 
	vznikla samostatná vedná disciplína – umelá inteligencia, 
	ktorá úzko spolupracuje s robotikou.
	</para>
	<para>
	Umelá inteligencia (AI – Artificial intelligence) teda skúma usudzovanie a konanie 
	agenta, a posudzuje ho podľa podobnosti s človekom, alebo mierou rozumnosti 
	(či robí to, čo sa od neho čaká)
	<xref linkend="nilsson2014principles" />
	</para>
	<para>
	Súťaž v simulovanom robotickom futbale sa zaoberá ako robotikou, tak umelou inteligenciou. 
	Simulovaným futbalom sa fakulta informatiky a informačných technológií zaoberá už niekoľko rokov. 
	S cieľom vylepšiť fakultného agenta je táto práca zameraná na konkrétnu výzvu: trénovanie brankára. 
	</para>
	<para>
	Agent hrajúci na tomto poste veľmi závisí na správnom sledovaní lopty a predvídaní jej 
	trajektórie dostatočnom časovom predstihu. Toto všetko sťažujú zašumené vstupy, ktoré je 
	nutné správne a rýchlo ošetriť, inak by bola strela zle vyhodnotená a vybraný zlý zákrok. 
	</para>
	<para>
	Na základe sledovania lopty by sa mal agent správne postaviť, aby bol v každom okamihu v 
	optimálnej pozícii na vykonanie zákroku.
	</para>
	<para>
	Taktiež veľmi záleží na rýchlosti jeho zákrokov, keďže strely dosahujú vysoké rýchlosti. 
	Výber zákroku je tiež zložitý a závisí nielen od charakteru strely, ale aj od charakteru zákroku. 
	Napríklad zákrok hodením sa spôsobí, že brankár zostane na zemi dezorientovaný a istý čas mu trvá 
	kým sa postaví a znova zorientuje, takže tento zákrok treba používať iba v prípadoch, kedy iný zákrok 
	nestačí.
	</para>
	
  </chapter>
  <!-- enduvod -->
  
  <chapter>
	<title>
	Súvisiace práce
	</title>
	  
	<section>
	<title>
	Riešenie brankára na fakulte
	</title>
	  
	<para>
	Simulovaný robotický futbal má na fakulte dlhoročnú tradíciu. 
	Za tieto roky bolo vyvinutých množstvo riešení brankárov. 
	Aktuálny brankár má vyvinutú vlastnú strategickú vrstvu 
	<emphasis role="italic">GoalKeeperStrategy</emphasis> 
	v ktorej používa niekoľko vyšších schopností.
	</para>
	
		<section>
		<title>
		Hierarchia výberu schopností robota
		</title>
		
		<para>
		V roku 2013 Tím Gitmen 
		<xref linkend="gitman" /> 
		navrhol hierarchiu výberu schopností robota od najvyššej úrovne po najnižšiu.
		</para>

		<itemizedlist mark='bullet'>
			<listitem>
				<para>
				<emphasis role='italic'>Strategy - strategická vrstva</emphasis>
				<indexterm>
					<primary>Schopnosti agenta</primary>
					<secondary>strategy</secondary>
				</indexterm>
				  <para>
				  Je najvyššie v hierarchii a určuje, ako sa má tím správať podľa stavu hry. 
				  Príklad stratégie je 
				  <emphasis role="italic">OffensiveStrategy</emphasis>.
				  </para>
        </para>
			</listitem>
			<listitem>
				<para>
				<emphasis role='italic'>Tactic – taktická vrstva</emphasis>
				<indexterm>
					<primary>Schopnosti agenta</primary>
					<secondary>tactic</secondary>
				</indexterm>
				  <para>
				  Funguje podobne ako strategická vrstva, ale táto vrstva vyberá vyššie 
				  schopnosti podľa priebehu hry. Príklad taktiky je 
				  <emphasis role="italic">AttackLeft</emphasis>.
				  </para>
        </para>
			</listitem>
			<listitem>
				<para>
				<emphasis role='italic'>High skill – vyššie schopnosti</emphasis>
				<indexterm>
					<primary>Schopnosti agenta</primary>
					<secondary>high-skill</secondary>
				</indexterm>
				  <para>
				  Na základe vybranej stratégie a taktiky sú pridelené vyššie schopnosti agentom. 
				  Tieto vyššie schopnosti určujú, ktoré nižšie schopnosti použiť, aby sa dosiahol 
				  čo najlepší výsledok.
				  </para>
        </para>
			</listitem>
			<listitem>
				<para>
				<emphasis role='italic'>Low skill – nižšie schopnosti</emphasis>
				<indexterm>
					<primary>Schopnosti agenta</primary>
					<secondary>low-skill</secondary>
				</indexterm>
				  <para>
				  Sú zapísané v xml súboroch
          <indexterm>
            <primary>Súbory na uchovávanie Low-skill</primary>
            <secondary>XML</secondary>
          </indexterm> 
          (eXtensible Markup Language - rozšíriteľný značkovací jazyk). 
				  Sú to presne určené pohyby kĺbov v čase.
				  </para>
        </para>
			</listitem>
		</itemizedlist>
		
		</section>

    <section>
      <title>
        Riešenie brankára z roku 2016
      </title>

      Miroslav Haščič sa vo svojej bakalárskej práci venoval najmä pridávaniu nových vyšších schopností brániacemu agentovi 
      <xref linkend="hascicbrankar" />:
      
      <orderedlist>
        <listitem>
          <para>
            <emphasis role="italic">udržuj optimálnu pozíciu: </emphasis>
            <indexterm>
					    <primary>High-skilly brankára</primary>
					    <secondary>udržuj optimálnu pozíciu</secondary>
				    </indexterm>
            v prípade, že sa lopta nachádza blízko brány, brankár sa presúva pred bránou tak, aby telom zakryl najväčšiu plochu brány.
          </para>
          <itemizedlist mark='bullet'>
            <listitem>
              <para>
                predpoklad: lopta v streleckej zóne
              </para>
            </listitem>
            <listitem>
              <para>
                brankár sa pohybuje v polkruhu pred bránou, aby zmenšoval uhly pod ktorými sa dá strieľať, čo využívajú aj „neumelí“ brankári, no s aktuálnou rýchlosťou jeho pohybov, by som vyskúšal aj pohyb iba po bránkovej čiare. Tá je kratšia, takže by sa mohol rýchlejšie pohybovať, alebo by sa mali zlepšiť nižšie schopnosti použité pri tejto akcii, ako napríklad úkrok do strany, ktorý je síce rýchly, ale krátky
              </para>
            </listitem>
          </itemizedlist>
        </listitem>
        <listitem>
          <para>
            <emphasis role="italic">pozoruj hru: </emphasis>
            <indexterm>
					    <primary>High-skilly brankára</primary>
					    <secondary>pozoruj hru</secondary>
				    </indexterm>
            ak sa lopta nenachádza blízko brány, brankár „sleduje loptu“, čiže otáča hlavou za loptou.
          </para>
          <itemizedlist mark='bullet'>
            <listitem>
              predpoklad: lopta nie je v streleckej zóne
            </listitem>
          </itemizedlist>
        </listitem>
        <listitem>
          <para>
            <emphasis role="italic">zákrok hodením sa: </emphasis>
            <indexterm>
					    <primary>High-skilly brankára</primary>
					    <secondary>zákrok hodením sa</secondary>
				    </indexterm>
            v prípade, že brankár zistí strelu z veľkej vzdialenosti, hodí sa do strany.
          </para>
          <itemizedlist mark='bullet'>
            <listitem>
              predpoklad: dlhá strela
            </listitem>
            <listitem>
              tento zákrok má napriek vysokému potenciálu (ploche zakrytej telom po hodení) nízku účinnosť len niečo nad 50 %. Spôsobené je to najmä dlhým trvaním nižšej schopnosti – pád do strany, ktorý trvá zhruba 3s, ale aj tým, že pád spôsobí stratenie prehľadu o pozícii lopty.
            </listitem>
          </itemizedlist>
        </listitem>
        <listitem>
          <para>
            <emphasis role='italic'>zákrok sadnutím: </emphasis>
            <indexterm>
					    <primary>High-skilly brankára</primary>
					    <secondary>zákrok sadnutím</secondary>
				    </indexterm>
            v prípade, že je lopta v bránkovisku, vykoná brankár rýchly, za to menej efektívny zákrok.
          </para>
          <itemizedlist>
            <listitem>
              predpoklad: blízka strela
            </listitem>
            <listitem>
              zákrok využíva nižšiu schopnosť – sadnutie si, ktoré je mimoriadne rýchle (okolo 1s), navyše brankár nestratí prehľad o hre, pretože sa stále pozerá do ihriska. Tento zákrok má účinnosť vyše 70 %.
            </listitem>
          </itemizedlist>
        </listitem>
        <listitem>
          <para>
            <emphasis role='italic'>zákrok úkrokom do strany: </emphasis>
            <indexterm>
					    <primary>High-skilly brankára</primary>
					    <secondary>zákrok úkrokom do strany</secondary>
				    </indexterm>
            podobné ako zákrok hodením sa, ale v prípade že sa lopta nachádza na strane brány.
          </para>
          <itemizedlist>
            <listitem>
              predpoklad: lopta nachádza po stranách vedľa brány v blízkosti čiary
            </listitem>
            <listitem>
              zákrok využíva nižšiu schopnosť – krok do strany. Výhodou zákroku je, že brankár stojí, nevýhodou je, že pokrýva malú plochu brány a že nižšia schopnosť je prevádzaná na malej vzdialenosti.
            </listitem>
          </itemizedlist>
        </listitem>
        <listitem>
          <para>
            <emphasis role='italic'>výkop: </emphasis>
            <indexterm>
					    <primary>High-skilly brankára</primary>
					    <secondary>výkop</secondary>
				    </indexterm>
            po úspešnom zákroku vykopne loptu z bránkoviska.
          </para>
          <itemizedlist>
            <listitem>
              predpoklad: nehýbajúca sa lopta v bránkovisku
            </listitem>
            <listitem>
              brankár loptu z bránkoviska iba vykopne, a o viac sa nestará. Navrhoval by som použiť schopnosť prihraj.
            </listitem>
          </itemizedlist>
        </listitem>
        <listitem>
          <para>
            <emphasis role='italic'>pozícia pri tyči: </emphasis>
            <indexterm>
					    <primary>High-skilly brankára</primary>
					    <secondary>pozícia pri tyči</secondary>
				    </indexterm>
            v prípade detekovania lopty v rohu ihriska sa brankár presúva k príslušnej tyči bránky, brankár má v tejto pozícii problém s orientáciou, preto sa musí pravidelne pozerať na tyč.
          </para>
          <itemizedlist>
            <listitem>
              predpoklad: strela zo strany
            </listitem>
          </itemizedlist>
        </listitem>
    </orderedlist>
      
    </section>



	</section>
  <section>
    <title>
      Učenie a vyvíjanie pohybov brankára pomocou evolučných algoritmov
    </title>

    <para>
      Bolo veľa pokusov vylepšovať robotov pomocou evolučných algoritmov
      <indexterm>
				<primary>Algoritmy na trénovanie agentov</primary>
			  <secondary>evolučný algoritmus</secondary>
			</indexterm>
      . V mnohých sa dokázali získať rovnaké alebo lepšie výsledky ako pri klasických výpočtových riešeniach.
    </para>
    <para>
      Na Univerzite Essex 
      <xref linkend="lazarus2003evolving" />
      sa venovali vývoju správania brankára adaptovaním genetického programovania a evolučných výpočtov.
    </para>

    <section id='fitness'>
      <title>
        Evolučný algoritmus
      </title>

      <para>
        Evolučný algoritmus je metóda riešenia problému, vychádzajúca z princípov Darwinovej evolučnej teórie
        <xref linkend="mitchell1998introduction" />.
      </para>

      <para>
        <emphasis role="italic">Jedinec</emphasis>
        <indexterm>
				  <primary>Elementy evolučného algoritmu</primary>
			    <secondary>jedinec</secondary>
			  </indexterm>
        je každé riešenie úlohy, je tvorený reťazcom - genómom o danej dĺžke, ktorá je rovnaká pre všetky genómy danej populácie.
      </para>

      <para>
        Každému jedincovi je vypočítaná
        <emphasis role="italic">fitness</emphasis>
        <indexterm>
				  <primary>Elementy evolučného algoritmu</primary>
			    <secondary>fitness</secondary>
			  </indexterm>
        – ako veľmi spĺňa hľadané kritérium.
      </para>

      <para>
        <emphasis role="italic">Generácia</emphasis>
        <indexterm>
				  <primary>Elementy evolučného algoritmu</primary>
			    <secondary>generácia</secondary>
			  </indexterm>
        je množina vygenerovaných jedincov. Nultá generácia je začiatočný stav riešenia – je generovaná náhodne.
      </para>

      <para>
        <emphasis role="italic">Kríženie</emphasis>
        <indexterm>
				  <primary>Elementy evolučného algoritmu</primary>
			    <secondary>kríženie</secondary>
			  </indexterm>
        je vytvorenie nového jedinca z genómov jeho predkov.
        Selekcia je proces výberu vhodného jedinca z generácie na kríženie. Najčastejšie ruleta a turnaj.
      </para>

      <para>
        <emphasis role="italic">Mutácia</emphasis>
        <indexterm>
				  <primary>Elementy evolučného algoritmu</primary>
			    <secondary>mutácia</secondary>
			  </indexterm>
        je pozmenenie génov pri krížení na zabezpečenie diverzity génov.
      </para>

<programlisting>
  Evolučný algoritmus
  j – počet jedincov
  g – počet generácií
  m – mutácia
  e – počet elitných jedincov</programlisting>
      <programlisting linenumbering='numbered'><![CDATA[Procedure EVOLUJ(j, g, m, e)
  gen = vygeneruj náhodnú generáciu(j)
  while g &lt; počet vygenerovaných generácií
    priraď fitness jedincom(g)
    usporiadaj populáciu podľa fitness(g)
    ngen = vytvor novú generáciu(j)
    for 0 to j - e
      rod = vyber rodičov na základe vybranej selekcie()
      jed = skríž rodičov a mutuj génym(rod, m)
      push(jed, ngen)
    for j - e to e
      push(gen[i], ngen)
    gen = ngen]]></programlisting>

      <formalpara>
        <title>
          Fitness ohodnotenie
        </title>
        Zamerali sa na efekt fitness funkcie ktorá mala viacero faktorov. Použili viacero funkcií, aby zabezpečili nehomogénne správanie sa brankára (aby sa len nehádzal, ale aj vybiehal z brány). Brankárov hlavný cieľ je síce zabrániť gólu, no na optimálne správanie to nestačí, preto pridali viacero faktorov ako lokalizácia, navigácia, blokovanie trajektórie lopty a schopnosť vykopnúť loptu von. Adaptovali fitness výpočet pomocou váženej sumy 
        <xref linkend='lazarus2003evolving' />.
        
        <equation>
          f = sum(w<subscript>i</subscript> * f<subscript>i</subscript>); f ε &lt;0; 1&gt;
        </equation>
        <equation>
          w<subscript>i</subscript> - váha čiastkovej fitness cieľa
          E = mc<superscript>2</superscript>
        </equation>
        <equation>
          f<subscript>n</subscript> - čiastková fitness; f<subscript>n</subscript> ε &lt;0; 1&gt;
        </equation>
        <equation>
          f<subscript>1</subscript> - chytenie lopty
        </equation>
        podľa toho, či padol gól
        <equation>
          f<subscript>2</subscript> - lokalizácia seba
        </equation>
        na zmeranie schopnosti brankára lokalizovať sa (ak sa dokáže lokalizovať aj pred aj po zákroku, úspech)
        <equation>
          f<subscript>3</subscript> - lokalizácia lopty
        </equation>
        schopnosť lokalizovať loptu pred aj po zákroku (ak dokáže, úspech)
        <equation>
          f<subscript>4</subscript> - pohyb
        </equation>
        či sa pohol z miesta počas zákroku
        <equation>
          f<subscript>5</subscript> - umiestňovanie sa = 1-(log(d<subscript>e</subscript>)/log(d<subscript>s</subscript>))
        </equation>
        pričom d je vzdialenosť medzi brankárom a loptou na začiatku a na konci simulácie.
      </formalpara>

      <para>
        Váhy týchto čiastkových fitness testovali tiež, určili ich rovnako, lexikograficky a kvadraticky.
      </para>

      <para>
        Na beh genetického algoritmu použili server (na beh simulácie), trénovacieho agenta (na synchronizáciu agentov, resetovanie pozícií agentov a lopty), útočného agenta (na kopanie lopty) a brániaceho agenta (agent ktorý sa vyvíja) 
        <xref linkend='lazarus2003evolving' />.
      </para>

      <para>
        Na kontrolný experiment použili náhodného agenta (agent ktorý odosiela serveru náhodne generované akcie), jeho fitness porovnali s vyvíjaným agentom aby zmerali efektívnosť genetického algoritmu 
        <xref linkend='lazarus2003evolving' />.
      </para>

      <para>
        Na testovanie generácie použili 10 náhodných umiestnení lopty z 10 útočných sektorov. Generovanie náhodných umiestnení malo zabezpečiť robustné výsledky 
        <xref linkend='lazarus2003evolving' />.
      </para>

      <para>
        Evolučný algoritmus nastavili nasledovne 
        <xref linkend='tab:evol' />:
        
        <table frame='all' id="tab:evol">
          <title>Vlastnosti evolučného algoritmu</title>
        <tgroup cols='2' align='left' colsep='1' rowsep='1'>
        <colspec colname='c1'/>
        <colspec colname='c2'/>
        <tbody>
        <row>
          <entry>Počet generácií</entry>
          <entry>50</entry>
        </row>
        <row>
          <entry>Populácia</entry>
          <entry>100</entry>
        </row>
        <row>
          <entry>Typ selekcie</entry>
          <entry>Turnaj veľkosti 7</entry>
        </row>
        <row>
          <entry>Pravdepodobnosť kríženia</entry>
          <entry>0,9</entry>
        </row>
        <row>
          <entry>Pravdepodobnosť mutácie</entry>
          <entry>0,1</entry>
        </row>
        </tbody>
        </tgroup>
        </table>
      </para>

      <para>
        Pri váženej sume fitness funkcii je dôležité správne určenie váh. Pri rovnom rozdelení fitness sa prikladá malý dôraz na chytenie lopty, avšak pri kvadratickom pridelení fitness sa zabúda na ostatne faktory, ktoré môžu byť kľúčové.
      </para>
    </section>

    </section>
    <section id='zahr-lowskill'>
      <title>
        Nižšie schopnosti brankárov zahraničných tímov
      </title>

      <para>
        V tejto časti sa venujem analýze nižších schopností brankárov zo záznamov zápasov SPL.
      </para>

      <section>
        <title>
          Penalty finále SPL Leipzig 2016 UT Austin Villa vs B-Human
        </title>

        <para>
          Nakoľko tento zápas skončil v riadnom hracom čase 0:0 a rozhodovalo sa v penaltách, bol veľkým prínosom na zlepšovanie schopností brankára. Každý tím strieľal 3 penalty a víťazom sa stal tím B-Human v pomere 3:0 najmä vďaka skvelým reakciám brankára. V penaltovom rozstreli vykonávali brankári 2 druhy zákrokov: zákrok sadnutím a zákrok hodením sa.
        </para>

        <formalpara>
          <title>Zákrok sadnutím si</title>
            Oba tímy predviedli zákrok sadnutím si (znázornené na obrázkoch 
			<xref linkend="fig:sitbhum"/> a <xref linkend="fig:situt"/>)
			, avšak iba zákrok tímu B-Human bol úspešný. Tím Austin Villa mal pravdepodobne zlý výpočet smeru lopty.
      
        <figure id="fig:sitbhum"><title>Zákrok sadnutím tímu B-Human
        <footnote>
          <para>
            [RoboCup 2016] SPL Final: B-Human - UT Austin Villa https://www.youtube.com/watch?v=XgRw42oHN-Y 46. min.
          </para>
        </footnote>
        </title>
        <mediaobject>
          <imageobject>
            <imagedata fileref="figures/sadnutieBHuman.png" scale="65"/>
          </imageobject>
          <textobject><phrase>Zákrok sadnutím tímu B-Human</phrase></textobject>
        </mediaobject>
        </figure>
      
        <figure id="fig:situt"><title>Zákrok sadnutím tímu UT Austin Villa
        <footnote>
          <para>
            [RoboCup 2016] SPL Final: B-Human - UT Austin Villa https://www.youtube.com/watch?v=XgRw42oHN-Y 45. min.
          </para>
        </footnote>
        </title>
        <mediaobject>
          <imageobject>
            <imagedata fileref="figures/sadnutieUT.png" scale="65"/>
          </imageobject>
          <textobject><phrase>Zákrok sadnutím tímu UT Austin Villa</phrase></textobject>
        </mediaobject>
        </figure>
        </formalpara>
      
        <formalpara>
          <title>Zákrok hodením sa</title>
            Brankár tímu B-Human dokázal chytiť aj loptu smerujúcu k tyči (znázornené na obrázku 
			<xref linkend="fig:hodenieSaBHuman"/>), 
			takže má dostatočne rýchlu nižšiu schopnosť hodenie sa, ale aj 
			dostatočne rýchly výpočet finálnej pozície lopty na bránkovej línii.
        
      
        <figure id="fig:hodenieSaBHuman"><title>Zákrok hodením sa tímu B-Human
        <footnote>
          <para>
            [RoboCup 2016] SPL Final: B-Human - UT Austin Villa https://www.youtube.com/watch?v=XgRw42oHN-Y 44. min.
          </para>
        </footnote>
        </title>
        <mediaobject>
          <imageobject>
            <imagedata fileref="figures/hodenieSaBHuman.png" scale="55"/>
          </imageobject>
          <textobject><phrase>Zákrok hodením sa tímu B-Human</phrase></textobject>
        </mediaobject>
        </figure>
        </formalpara>

        <formalpara>
          <title>Postavenie brankára</title>
          Za zmienku pri oboch tímoch stojí aj postavenie brankára pred výkopom. Keďže je lopta na bode 11-tky, je blízko brány, takže čas potrebný na výpočet smeru, rýchlosti lopty a vykonanie potrebného zákroku bude veľmi malý. To znamená, že každú milisekundu treba ušetriť. To sa podarilo tímu B-Human tak, že miesto obyčajného státia, zvolili postavenie brankára „v strehu“. Toto postavenie šetrí čas tým, že agent je schopný okamžite skočiť do strany, ale taktiež môže vykonať zákrok sadnutím. Postavenie „v strehu“ je pritom jednoduché: kolená sú mierne zohnuté, a ruky mierne rozpažené. Toto postavenie taktiež umožňuje budúcu prácu s agentom, nakoľko strely nebudú vždy smerovať iba do dolných častí brány, a toto postavenie umožňuje aj rýchlejší výskok smerom hore.

        </formalpara>
      </section>
    </section>

    <section id="editor">
      <title>
        Editor správania - Robot behavior editor
      </title>

      <para>
        Na uľahčenie vytárania nižších schopností agentov bol vytvorený tímovým projektom na FIIT v roku 2008-2009 editor pohybov 
        <xref linkend="agenty007" />. 
      </para>

      <para>
        Tento editor poskytuje pohľad na pohyby všetkých kĺbov NAO robota v čase. Taktiež je možné priamo z editora spustiť tento pohyb v simulátore. Tieto pohyby sa následne dajú exportovať do rmo
        <indexterm>
          <primary>Súbory na uchovávanie Low-skill</primary>
          <secondary>RMO</secondary>
        </indexterm>
        súborov a používať v high skilloch.
      </para>

      <formalpara>
        <title>
          Vytvorenie pohybu
        </title>
        Pohyb sa vytvára v okne editor pohybov, kde v časti 1 na obrázku 
        <xref linkend="fig:editor"/> 
        sú zobrazené pohyby, ktoré sa vykonajú za sebou. V časti 2 je zobrazená časová os pohybov jednotlivých kĺbov.
      
        <figure id="fig:editor"><title>Editor pohybov
        </title>
        <mediaobject>
          <imageobject>
            <imagedata fileref="figures/behaviorEditor1.png" scale="65"/>
          </imageobject>
          <textobject><phrase>Editor pohybov</phrase></textobject>
        </mediaobject>
        </figure>
      </formalpara>
      
        <para>
          Pozitívnou súčasťou editora je taktiež okno vizualizácie 
          <xref linkend="fig:vizualizacia" />
          , kde sa dajú jednotlivé pohyby zobraziť, avšak bez simulácie prostredia.
        
        <figure id="fig:vizualizacia"><title>Okno vizualizácie editora pohybov
        </title>
        <mediaobject>
          <imageobject>
            <imagedata fileref="figures/behaviorEditor2.png" scale="65"/>
          </imageobject>
          <textobject><phrase>Okno vizualizácie editora pohybov</phrase></textobject>
        </mediaobject>
        </figure>
        </para>

        <para>
          Tento editor zjednodušuje a urýchľuje tvorbu nižších schopností bez zasahovania do kódu. Ako všetko aj tento editor má svoje muchy. Do editora sa nedajú importovať xml existujúcich nižších schopností, exportovať sa dajú iba súbory rmo, grafické rozhranie nie je najpriateľskejšie a úprava existujúcich pohybov kĺbov premazáva uhly. Napriek týmto nevýhodám tento editor budem určite používať pri svojej práci.
        </para>
      
    </section>
  
  </chapter>

  <chapter id="ciele">
    <title>
      Ciele bakalárskej práce
    </title>

    <para>
      Zistil som, že najväčším problémom fakultného brankára je jeho dlhé vykonávanie nižších schopností. Rozhodol som sa teda, že sa zameriam na ich zlepšovanie. Na to budem musieť prejsť týmito krokmi:
      <orderedlist>
        <listitem>
          Vytvorenie a aplikovanie algoritmu schopného zlepšiť nižšie schopnosti robota
        </listitem>
        <listitem>
          Vytvorenie nultej generácie podľa pohybov analyzovaných zo záznamov 		konkurenčných brankárov 
          <xref linkend="zahr-lowskill" /> 
          pomocou simulátora pohybov 
          <xref linkend="editor" /> 
          na urýchlenie tohto algoritmu a vyhnutie sa nultej generácii ktorá je generovaná náhodne
        </listitem>
        <listitem>
          Vytvorenie spoľahlivej funkcie fitness podľa vzoru Univerzity Essex 
          <xref linkend="fitness" /> 
          na sledovanie viacerých vlastností pohybu
        </listitem>
        <listitem>
          Pomocou tohto algoritmu zlepšiť nižšiu schopnosť pád do strany (ľavý, pravý), tým pádom aj úspešnosť vyššej schopnosti Zákrok hodením sa z 50 % aspoň na 70 %.
        </listitem>
      </orderedlist>
    </para>
  </chapter>

  <chapter>
    <title>
      Riešenie
    </title>
    
    <para>
      V tejto časti sa venujem realizácii návrhu práce. Riešenie som aplikoval nad projektom minuloročného riešenia brankára, keďže som nepotreboval na prácu najnovšie komponenty, a v tomto projekte už bol nastavený aj testovací scenár na brankára. Na riešenie som použil vývojárske prostredie Eclipse.
    </para>

    <section id="nul-gen">
      <title>
        Vytvorenie nultej generácie
      </title>

      <para>
        Na zmenšenie problému spojeného s algoritmom Hill-climbing (lokálne maximum), je potrebné vytvoriť viacero východzích pohybov. Ja som sa rozhodol pre 5 jedincov nultej generácie.
      </para>

      <para>
        Na vytvorenie nultej generácie som použil editor pohybov opísaný v časti 
        <xref linkend="editor" />. 
        S týmto editorom bol ale problém zastaralého výstupového súboru 
        <emphasis role="italic">*.rmo</emphasis>, 
        ktorý sa už nepoužíva, takže som musel naprogramovať konvertor 
        <xref linkend="konv" />. 
        Pohyby som vytváral na základe analyzovaných pohybov brankárov zahraničných tímov 
        <xref linkend="zahr-lowskill" /> 
        a miešaním ich prvkov so starým pohybom.
      </para>

      <section id="konv">
        <title>
          Konvertor *.rmo súborov na *.xml
        </title>
        
        <para>
          Konverter som programoval priamo do projektu 
          <emphasis role="italic">TestFrameWork</emphasis> 
          do priečinku 
          <emphasis role="italic">sk.fiit.testframework.editor</emphasis>.
        </para>
        <para>
          Na konverziu som použil už existujúci model pohybu, no musel som naprogramovať niekoľko ďalších komponentov, pretože starý zapisovač modelu pohybu do xml nefungoval správne.
        </para>
        <para>
          Na konvertovanie *.rmo súboru do *.xml súboru sú potrebné kroky:
        </para>
          <itemizedlist>
            <listitem>
              <para>
                Čítanie rmo súborov do rmo modelu
                <para>
                  Vytvoril som model rmo pohybu, do ktorého som riadok po riadku načítaval *.rmo súbor.
                </para>
              </para>
            </listitem>
            <listitem>
              <para>
                Konverzia rmo modelu do xml modelu
                <para>
                  Keďže pohyb zapísaný v *.rmo súbore má nielen odlišnú syntax ale aj štruktúru, bolo potrebné zaviesť mapovanie starého modelu pohybu na nový.
                </para>
              </para>
            </listitem>
            <listitem>
              <para>
                Zapisovanie xml modelu do xml súboru
                <para>
                  Na zapisovanie som použil java DOM parser, tento zapisovač je možné použiť aj na iné prípady.
                </para>
              </para>
            </listitem>
          </itemizedlist>
        
      </section>

      <section>
        <title>
          Jedinci nultej generácie
        </title>
        <para>
          Do nultej generácie som na porovnanie okrem vytvorených nových pohybov zaradil aj starý pohyb pádu do strany: pohyb č. 0.5. Takto môžme sledovať rozdiely medzi pohybmi v nultej generácii na tabuľke 
          <xref linkend="tab:nul-gen" />.
          
          <table frame='all' id='tab:nul-gen'>
            <title>Ohodnotenie jedincov nultej generácie</title>
          <tgroup cols='6' align='left' colsep='1' rowsep='1'>
          <colspec colname='c1'/>
          <colspec colname='c2'/>
          <colspec colname='c3'/>
          <colspec colname='c4'/>
          <colspec colname='c5'/>
          <colspec colname='c6'/>
          <thead>
          <row>
            <?dbfo bgcolor="#C0C0C0" ?>
            <entry>jedinec</entry>
            <entry>0.1</entry>
            <entry>0.2</entry>
            <entry>0.3</entry>
            <entry>0.4</entry>
            <entry>0.5</entry>
          </row>
          </thead>
          <tfoot>
          <row>
            <?dbfo bgcolor="#C0C0C0" ?>
            <entry>fitness</entry>
            <entry>0.595</entry>
            <entry>0.594</entry>
            <entry>0.693</entry>
            <entry>0.61</entry>
            <entry>0.454</entry>
          </row>
          </tfoot>
          <tbody>
          <row>
            <entry>fitness1</entry>
            <entry>0.6</entry>
            <entry>0.6</entry>
            <entry>0.8</entry>
            <entry>0.7</entry>
            <entry>0.5</entry>
          </row>
          <row>
            <entry>fitness2</entry>
            <entry>0.45</entry>
            <entry>0.58</entry>
            <entry>0.51</entry>
            <entry>0.6</entry>
            <entry>0.08</entry>
          </row>
          <row>
            <entry>fitness3</entry>
            <entry>0.8</entry>
            <entry>0.6</entry>
            <entry>0.7</entry>
            <entry>0.4</entry>
            <entry>0.9</entry>
          </row>
          </tbody>
          </tgroup>
          </table>
        </para>
      </section>
    </section>
  </chapter>
  
  <bibliography>
    <title>Literatúra</title>
	
	<bibliomixed id="brady2012robotics">
	Brady, M., Gerhardt, L., Davidson, H. F. 
	<title>Robotics and artificial intelligence</title>, 
	vol. 11. Springer Science &amp; Business Media,
	2012.
    </bibliomixed>
	
	<bibliomixed id="nilsson2014principles">
	Nilsson, N. J.
	<title>Principles of artificial intelligence</title>. 
	Morgan Kaufmann,
	2014.
    </bibliomixed>
	
	<bibliomixed id="gitman">
	Tím Gitmen.
	<ulink url="http://labss2.fiit.stuba.sk/TeamProject/2013/team09is-si/"></ulink>,
	2013
    </bibliomixed>

    <bibliomixed id="hascicbrankar">
      Haščič M.
      <title>Vylepšenie brankára pre simulovaný robotický futbal</title>.
      Tech. rep., Fakulta Informatiky a Informačných Technológií,
      2015.
    </bibliomixed>

    <bibliomixed id="lazarus2003evolving">
      Lazarus, C., Hu, H.
      <title>Evolving goalkeeper behaviours for simulated soccer competition</title>.
      In Proceedings of the 3rd IASTED International Conference on Artificial Intelligence and Applications 
      (2003).
    </bibliomixed>

    <bibliomixed id="mitchell1993will">
      Mitchell, M., Holland, J. H.
      <title>When will a genetic algorithm outperform hill-climbing?</title>.
      Ann Arbor 1001 (1993), 48108.
    </bibliomixed>

    <bibliomixed id="mitchell1998introduction">
      Mitchell, M.
      <title>An introduction to genetic algorithms</title>.
      MIT press,
      1998.
    </bibliomixed>
    
    <bibliomixed id="agenty007">
      Agenty 007.
      <title>RoboCup 3D</title>.
      <ulink url="http://labss2.fiit.stuba.sk/TeamProject/2008/team07is-si/"></ulink>,
      2008.
    </bibliomixed>
    
  </bibliography>
  
  <index/>
  
  <appendix>
    <title>Plán práce</title>

    <para>
      Táto príloha obsahuje predbežný zoznam úloh na tabuľke 
      <xref linkend="tab:plan" /> 
      zostavených na základe stanovených cieľov v časti 
      <xref linkend="ciele" />.
    </para>

    <table frame='all' id='tab:plan'><title>Plánované úlohy</title>
    <tgroup cols='2' align='left' colsep='1' rowsep='1'>
    <colspec colname='c1' colwidth="1*" />
    <colspec colname='c2' colwidth="6*" />
    <thead>
    <row>
      <entry>týždeň</entry>
      <entry>plánované úlohy</entry>
    </row>
    </thead>
    <tbody>
    <row>
      <entry>1.</entry>
      <entry>Zapracovanie pripomienok vedúceho práce</entry>
    </row>
    <row>
      <entry>2.</entry>
      <entry>Tvorba programu na čítanie a zapisovanie nižších schopností do xml súborov</entry>
    </row>
    <row>
      <entry>3.</entry>
      <entry>Tvorba nultej generácie v Editore správania robota z analyzovaných pohybov zahraničných brankárov</entry>
    </row>
    <row>
      <entry>4.</entry>
      <entry>Tvorba algoritmu Hill-climbing</entry>
    </row>
      <row>
      <entry>5.</entry>
      <entry>Dolaďovanie algoritmu Hill-climbing</entry>
    </row>
      <row>
      <entry>6.</entry>
      <entry>Tvorba funkcie fitness zloženej z čiastkových fitness funkcií</entry>
    </row>
      <row>
      <entry>7.</entry>
      <entry>Tvorba testovacích scenárov pre ohodnotenie nižších schopností</entry>
    </row>
    <row>
      <entry>8.</entry>
      <entry>Trénovanie brankára pomocou algoritmu Hill-climbing</entry>
    </row>
    <row>
      <entry>9.</entry>
      <entry>Trénovanie brankára pomocou algortimu Hill-climbing</entry>
    </row>
        <row>
      <entry>10.</entry>
      <entry>Testovanie výslednej nižšej schopnosti brankára</entry>
    </row>
    <row>
      <entry>11.</entry>
      <entry>Spracovanie výsledkov do práce</entry>
    </row>
      <row>
      <entry>12.</entry>
      <entry>Odovzdanie práce</entry>
    </row>
    </tbody>
    </tgroup>
    </table>
  
  </appendix>
</book>